﻿"Filename","LineNumber","Line"
"index.js","37","exports = module.exports = deprecate.function(bodyParser,"
"index.js","38","  'bodyParser: use individual json/urlencoded middlewares')"
"index.js","93","function bodyParser (options) {"
"index.js","107","  return function bodyParser (req, res, next) {"
"connect-sqlite3.js","96","     * Attempt to fetch session by the given sid."
"connect-sqlite3.js","150","     * Fetch all sessions."
"connect-sqlite3.js","163","     * Fetch number of sessions."
